C57F4932654619174B671032A456F26F09F7D26DC371EE53F79E64ADF79A2583	app/Http/Controllers/Frontend/FlightController.php
120665409D936DF6F71CF0C169B013CDD7260B046FE3FE5A61BDE8092934B9B5	app/Http/Requests/PublicFlightSearchRequest.php
2A8D7CA0C1C36684AD82530569AB6424F0E8FF4F24FA8FF17CF8BC25422FA05C	app/Services/FlightSearch/FlightSearchResultStore.php
23BDE13713AF1F11B255E625499DF45C4462B09F3D2DD5ED0ED88642789C517E	app/Services/FlightSearch/FlightSearchService.php
B5A011C170B9ED2F6D96ED0B8A24B5A6049026EA5AF05F4AF3FBB321C788AFA1	app/Services/FlightSearch/FlightSearchSupplierResultCache.php
296EB94078777F49CA115945A9A202674BFC72DD36050E72397FE2F1447F5C06	app/Services/FlightSearch/NearbyDateFareStripService.php
B3F1C277B0D58E79929F0401908DE722589013497A78A9D74C6FE750D92B5C6D	app/Support/FlightSearch/FlightSearchCriteriaCacheKey.php
77A2F3BC6F905796E0A3A6E020BA53BD521807B308568E449DDC4F80D4D8693C	config/ota-flights.php
D44EE10F2178A2B5BC07DB0DA80818BD11882F5E880C8AC1E9F1936B6D7F04BF	resources/views/themes/frontend/jetpakistan/components/search/search-action-row.blade.php
E12CE8017A10341906D23FD6D916FD68BB18C1C9F5F8218DCF742C6E97EC3649	public/themes/frontend/jetpakistan/css/results.css
1E446C48DE66273ABFF45BD793A0E2219EFB98B736F62815B12CEC20128AA1DE	resources/views/themes/frontend/jetpakistan/frontend/flights/results.blade.php
