route,i,kind,raw,toUrl,app,attempt
home_support,0,soft,5030,4935,4935,1
home_support,1,soft,3858,3805,3805,2
home_support,2,soft,4272,4250,4250,1
home_support,3,soft,2073,2019,2019,1
home_support,4,soft,2552,2486,2486,1
home_support,5,soft,632,548,548,1
home_support,6,soft,881,835,835,1
home_support,7,soft,1244,1194,1194,1
home_support,8,soft,1254,1175,1175,1
home_support,9,soft,1303,979,979,1
home_support,10,soft,1168,1118,1118,1
home_support,11,soft,847,798,798,1
home_support,12,soft,914,875,875,1
home_support,13,soft,727,684,684,1
home_support,14,soft,735,714,714,1
home_support,15,soft,1274,1207,1207,1
home_support,16,soft,1011,968,968,1
home_support,17,soft,1085,1018,1018,1
home_support,18,soft,870,824,824,1
home_support,19,soft,764,730,730,1
support_home,0,soft,885,715,715,1
support_home,1,soft,3836,3809,3809,1
support_home,2,soft,551,490,490,1
support_home,3,soft,832,784,784,1
support_home,4,soft,805,754,754,1
support_home,5,soft,1012,948,948,1
support_home,6,soft,878,856,856,1
support_home,7,soft,711,637,637,1
support_home,8,soft,634,566,566,1
support_home,9,soft,539,451,451,1
support_home,10,soft,1766,1698,1698,1
support_home,11,soft,1586,1510,1510,1
support_home,12,soft,554,480,480,1
support_home,13,soft,357,281,281,1
support_home,14,soft,1643,1042,1042,1
support_home,15,soft,3921,3827,3827,1
support_home,16,soft,1579,1457,1457,1
support_home,17,soft,2650,2477,2477,1
support_home,18,soft,2045,1999,1999,1
support_home,19,soft,1346,1284,1284,1
home_privacy,0,soft_timeout,12689,12650,12650,3
home_privacy,1,soft,3416,3396,3396,1
home_privacy,2,soft,981,953,953,1
home_privacy,3,soft,684,653,653,1
home_privacy,4,soft,1580,1563,1563,1
home_privacy,5,soft,773,709,709,1
home_privacy,6,soft,984,968,968,1
home_privacy,7,soft,1038,1006,1006,1
home_privacy,8,soft,883,854,854,1
home_privacy,9,soft,1010,987,987,1
home_privacy,10,soft,1011,997,997,1
home_privacy,11,soft,587,565,565,1
home_privacy,12,soft,849,817,817,1
home_privacy,13,soft,1151,1106,1106,1
home_privacy,14,soft,744,674,674,1
home_privacy,15,soft,920,888,888,1
home_privacy,16,soft,1326,1310,1310,1
home_privacy,17,soft,2014,1962,1962,1
home_privacy,18,soft,630,607,607,1
home_privacy,19,soft,757,742,742,1
privacy_terms,0,soft,929,916,916,1
privacy_terms,1,soft,293,271,271,1
privacy_terms,2,soft,159,131,131,1
privacy_terms,3,soft,240,226,226,1
privacy_terms,4,soft,601,591,591,1
privacy_terms,5,soft,236,199,199,1
privacy_terms,6,soft,223,171,171,1
privacy_terms,7,soft,485,448,448,1
privacy_terms,8,soft,313,290,290,1
privacy_terms,9,soft,216,170,170,1
privacy_terms,10,soft,251,226,226,1
privacy_terms,11,soft,503,447,447,1
privacy_terms,12,soft,242,219,219,1
privacy_terms,13,soft,282,237,237,1
privacy_terms,14,soft,258,244,244,1
privacy_terms,15,soft,167,152,152,1
privacy_terms,16,soft,163,116,116,1
privacy_terms,17,soft,173,131,131,1
privacy_terms,18,soft,162,156,156,1
privacy_terms,19,soft,361,340,340,1
home_groups,0,soft,1566,1460,1460,1
home_groups,1,soft,9930,9884,9884,2
home_groups,2,soft,1296,1256,1256,1
home_groups,3,soft,1150,1077,1077,1
home_groups,4,soft,1382,1331,1331,1
home_groups,5,soft,565,462,462,1
home_groups,6,soft,412,388,388,1
home_groups,7,soft,227,183,183,1
home_groups,8,soft,835,794,794,1
home_groups,9,soft,868,846,846,1
home_groups,10,soft,334,273,273,1
home_groups,11,soft,702,665,665,1
home_groups,12,soft,927,893,893,1
home_groups,13,soft,641,608,608,1
home_groups,14,soft,1044,983,983,1
home_groups,15,soft,966,960,960,1
home_groups,16,soft,294,286,286,1
home_groups,17,soft,759,749,749,1
home_groups,18,soft,802,776,776,1
home_groups,19,soft,658,626,626,1
home_login,0,soft,2953,2881,2881,1
home_login,1,soft,1249,1213,1213,1
home_login,2,soft,5462,5437,5437,2
home_login,3,soft,431,394,394,1
home_login,4,soft,597,541,541,1
home_login,5,soft,838,718,718,1
home_login,6,soft,418,292,292,1
home_login,7,soft,565,523,523,1
home_login,8,soft,667,638,638,1
home_login,9,soft,490,456,456,1
home_login,10,soft,2787,2386,2386,1
home_login,11,soft,602,585,585,1
home_login,12,soft,469,398,398,1
home_login,13,soft,432,268,268,1
home_login,14,soft,357,332,332,1
home_login,15,soft,663,617,617,1
home_login,16,soft,519,406,406,1
home_login,17,soft,450,403,403,1
home_login,18,soft,339,308,308,1
home_login,19,soft,519,464,464,1
login_register,0,soft,1037,988,988,1
login_register,1,soft,359,336,336,1
login_register,2,soft,516,492,492,1
login_register,3,soft,450,417,417,1
login_register,4,soft,407,361,361,1
login_register,5,soft,392,365,365,1
login_register,6,soft,233,186,186,1
login_register,7,soft,279,261,261,1
login_register,8,soft,256,185,185,1
login_register,9,soft,131,112,112,1
login_register,10,soft,286,265,265,1
login_register,11,soft,320,297,297,1
login_register,12,soft,277,231,231,1
login_register,13,soft,215,179,179,1
login_register,14,soft,261,237,237,1
login_register,15,soft,363,309,309,1
login_register,16,soft,396,372,372,1
login_register,17,soft,538,520,520,1
login_register,18,soft,198,155,155,1
login_register,19,soft,232,203,203,1
home_about,0,soft,5317,5244,5244,1
home_about,1,soft,10465,10450,10450,2
home_about,2,soft,1341,1300,1300,1
home_about,3,soft,832,805,805,1
home_about,4,soft,618,579,579,1
home_about,5,soft,650,621,621,1
home_about,6,soft,718,685,685,1
home_about,7,soft,782,759,759,1
home_about,8,soft,587,568,568,1
home_about,9,soft,666,615,615,1
home_about,10,soft,822,789,789,1
home_about,11,soft,633,596,596,1
home_about,12,soft,595,566,566,1
home_about,13,soft,968,945,945,1
home_about,14,soft,727,635,635,1
home_about,15,soft,513,464,464,1
home_about,16,soft,805,764,764,1
home_about,17,soft,658,630,630,1
home_about,18,soft,506,449,449,1
home_about,19,soft,484,440,440,1
home_faq,0,soft,2185,2066,2066,1
home_faq,1,soft,774,757,757,2
home_faq,2,soft,571,533,533,1
home_faq,3,soft,757,733,733,1
home_faq,4,soft,570,527,527,1
home_faq,5,soft,651,618,618,1
home_faq,6,soft,547,524,524,1
home_faq,7,soft,864,845,845,1
home_faq,8,soft,874,846,846,1
home_faq,9,soft,741,717,717,1
home_faq,10,soft,533,515,515,1
home_faq,11,soft,1353,1331,1331,1
home_faq,12,soft,816,764,764,1
home_faq,13,soft,629,597,597,1
home_faq,14,soft,987,959,959,1
home_faq,15,soft,400,375,375,1
home_faq,16,soft,756,725,725,1
home_faq,17,soft,893,866,866,1
home_faq,18,soft,649,632,632,1
home_faq,19,soft,697,673,673,1
home_terms,0,soft,1361,1299,1299,1
home_terms,1,soft,633,611,611,2
home_terms,2,soft,687,641,641,1
home_terms,3,soft,487,463,463,1
home_terms,4,soft,606,554,554,1
home_terms,5,soft,2350,2336,2336,1
home_terms,6,soft,584,564,564,1
home_terms,7,soft,382,365,365,1
home_terms,8,soft,714,690,690,1
home_terms,9,soft,486,438,438,1
home_terms,10,soft,772,754,754,1
home_terms,11,soft,604,586,586,1
home_terms,12,soft,606,571,571,1
home_terms,13,soft,783,759,759,1
home_terms,14,soft,537,517,517,1
home_terms,15,soft,734,713,713,1
home_terms,16,soft,532,468,468,1
home_terms,17,soft,379,355,355,1
home_terms,18,soft,818,794,794,1
home_terms,19,soft,575,521,521,1