test,sample_number,timestamp,release_sha,public_build_id,dashboard_build_id,route,duration_ms,supplier_duration_ms,status,retry_reason,supplier_call_count,notes
return_pair_post_supplier,1,2026-09-19T14:48:26.688Z,36221ac0859578dd82d9b3094433b50875dc5b06,H9TYWa1Q2VFnwaR4TlPZy,dOefZBIOnEl7EbTETViNa,flights/results/pair,1216,3219,ok,,0,seeded
return_pair_post_supplier,2,2026-09-19T14:48:26.688Z,36221ac0859578dd82d9b3094433b50875dc5b06,H9TYWa1Q2VFnwaR4TlPZy,dOefZBIOnEl7EbTETViNa,flights/results/pair,322,3383,ok,,0,seeded
return_pair_post_supplier,3,2026-09-19T14:48:26.688Z,36221ac0859578dd82d9b3094433b50875dc5b06,H9TYWa1Q2VFnwaR4TlPZy,dOefZBIOnEl7EbTETViNa,flights/results/pair,687,3914,ok,,0,seeded
return_pair_post_supplier,4,2026-09-19T14:48:26.688Z,36221ac0859578dd82d9b3094433b50875dc5b06,H9TYWa1Q2VFnwaR4TlPZy,dOefZBIOnEl7EbTETViNa,flights/results/pair,2069,3345,ok,,0,seeded
return_pair_post_supplier,5,2026-09-19T14:48:26.688Z,36221ac0859578dd82d9b3094433b50875dc5b06,H9TYWa1Q2VFnwaR4TlPZy,dOefZBIOnEl7EbTETViNa,flights/results/pair,1836,2703,ok,,0,seeded
return_pair_post_supplier,6,2026-09-19T14:48:26.688Z,36221ac0859578dd82d9b3094433b50875dc5b06,H9TYWa1Q2VFnwaR4TlPZy,dOefZBIOnEl7EbTETViNa,flights/results/pair,581,3023,ok,,0,seeded
return_pair_post_supplier,7,2026-09-19T14:48:26.688Z,36221ac0859578dd82d9b3094433b50875dc5b06,H9TYWa1Q2VFnwaR4TlPZy,dOefZBIOnEl7EbTETViNa,flights/results/pair,658,3148,ok,,0,seeded
return_pair_post_supplier,8,2026-09-19T14:48:26.688Z,36221ac0859578dd82d9b3094433b50875dc5b06,H9TYWa1Q2VFnwaR4TlPZy,dOefZBIOnEl7EbTETViNa,flights/results/pair,940,2780,ok,,0,seeded
return_pair_post_supplier,9,2026-09-19T14:48:26.688Z,36221ac0859578dd82d9b3094433b50875dc5b06,H9TYWa1Q2VFnwaR4TlPZy,dOefZBIOnEl7EbTETViNa,flights/results/pair,572,3700,ok,,0,seeded
return_pair_post_supplier,10,2026-09-19T14:48:26.688Z,36221ac0859578dd82d9b3094433b50875dc5b06,H9TYWa1Q2VFnwaR4TlPZy,dOefZBIOnEl7EbTETViNa,flights/results/pair,552,3517,ok,,0,seeded
return_pair_post_supplier,11,2026-09-19T14:48:26.688Z,36221ac0859578dd82d9b3094433b50875dc5b06,H9TYWa1Q2VFnwaR4TlPZy,dOefZBIOnEl7EbTETViNa,flights/results/pair,648,2956,ok,,0,seeded
return_pair_post_supplier,12,2026-09-19T14:48:26.688Z,36221ac0859578dd82d9b3094433b50875dc5b06,H9TYWa1Q2VFnwaR4TlPZy,dOefZBIOnEl7EbTETViNa,flights/results/pair,754,2782,ok,,0,seeded
return_pair_post_supplier,13,2026-09-19T14:48:26.688Z,36221ac0859578dd82d9b3094433b50875dc5b06,H9TYWa1Q2VFnwaR4TlPZy,dOefZBIOnEl7EbTETViNa,flights/results/pair,1059,2572,ok,,0,seeded
return_pair_post_supplier,14,2026-09-19T14:48:26.688Z,36221ac0859578dd82d9b3094433b50875dc5b06,H9TYWa1Q2VFnwaR4TlPZy,dOefZBIOnEl7EbTETViNa,flights/results/pair,1216,3402,ok,,0,seeded
return_pair_post_supplier,15,2026-09-19T14:48:26.688Z,36221ac0859578dd82d9b3094433b50875dc5b06,H9TYWa1Q2VFnwaR4TlPZy,dOefZBIOnEl7EbTETViNa,flights/results/pair,817,3731,ok,,0,seeded
return_pair_post_supplier,16,2026-09-19T14:48:26.688Z,36221ac0859578dd82d9b3094433b50875dc5b06,H9TYWa1Q2VFnwaR4TlPZy,dOefZBIOnEl7EbTETViNa,flights/results/pair,248,2928,ok,,0,seeded
return_pair_post_supplier,17,2026-09-19T14:48:26.688Z,36221ac0859578dd82d9b3094433b50875dc5b06,H9TYWa1Q2VFnwaR4TlPZy,dOefZBIOnEl7EbTETViNa,flights/results/pair,1403,5149,ok,,0,seeded
return_pair_post_supplier,18,2026-09-19T14:48:26.688Z,36221ac0859578dd82d9b3094433b50875dc5b06,H9TYWa1Q2VFnwaR4TlPZy,dOefZBIOnEl7EbTETViNa,flights/results/pair,902,2923,ok,,0,seeded
return_pair_post_supplier,19,2026-09-19T14:48:26.688Z,36221ac0859578dd82d9b3094433b50875dc5b06,H9TYWa1Q2VFnwaR4TlPZy,dOefZBIOnEl7EbTETViNa,flights/results/pair,1123,7869,ok,,0,seeded
return_pair_post_supplier,20,2026-09-19T14:48:26.688Z,36221ac0859578dd82d9b3094433b50875dc5b06,H9TYWa1Q2VFnwaR4TlPZy,dOefZBIOnEl7EbTETViNa,flights/results/pair,1336,7712,ok,,0,seeded
return_pair_post_supplier,21,2026-09-19T14:48:26.688Z,36221ac0859578dd82d9b3094433b50875dc5b06,H9TYWa1Q2VFnwaR4TlPZy,dOefZBIOnEl7EbTETViNa,flights/results/pair,1152,6864,ok,,0,seeded
return_pair_post_supplier,22,2026-09-19T14:48:26.688Z,36221ac0859578dd82d9b3094433b50875dc5b06,H9TYWa1Q2VFnwaR4TlPZy,dOefZBIOnEl7EbTETViNa,flights/results/pair,979,5263,ok,,0,seeded
return_pair_post_supplier,23,2026-09-19T14:48:26.688Z,36221ac0859578dd82d9b3094433b50875dc5b06,H9TYWa1Q2VFnwaR4TlPZy,dOefZBIOnEl7EbTETViNa,flights/results/pair,684,5871,ok,,0,seeded
return_pair_post_supplier,24,2026-09-19T14:48:26.688Z,36221ac0859578dd82d9b3094433b50875dc5b06,H9TYWa1Q2VFnwaR4TlPZy,dOefZBIOnEl7EbTETViNa,flights/results/pair,933,6025,ok,,0,seeded
return_pair_post_supplier,25,2026-09-19T14:48:26.688Z,36221ac0859578dd82d9b3094433b50875dc5b06,H9TYWa1Q2VFnwaR4TlPZy,dOefZBIOnEl7EbTETViNa,flights/results/pair,397,2420,ok,,0,seeded
return_pair_post_supplier,26,2026-09-19T14:48:26.688Z,36221ac0859578dd82d9b3094433b50875dc5b06,H9TYWa1Q2VFnwaR4TlPZy,dOefZBIOnEl7EbTETViNa,flights/results/pair,533,3021,ok,,0,seeded
return_pair_post_supplier,27,2026-09-19T14:48:26.688Z,36221ac0859578dd82d9b3094433b50875dc5b06,H9TYWa1Q2VFnwaR4TlPZy,dOefZBIOnEl7EbTETViNa,flights/results/pair,785,2884,ok,,0,seeded
return_pair_post_supplier,28,2026-09-19T14:48:26.688Z,36221ac0859578dd82d9b3094433b50875dc5b06,H9TYWa1Q2VFnwaR4TlPZy,dOefZBIOnEl7EbTETViNa,flights/results/pair,549,2378,ok,,0,seeded
return_pair_post_supplier,29,2026-09-19T14:48:26.688Z,36221ac0859578dd82d9b3094433b50875dc5b06,H9TYWa1Q2VFnwaR4TlPZy,dOefZBIOnEl7EbTETViNa,flights/results/pair,1498,2825,ok,,0,seeded
return_pair_post_supplier,30,2026-09-19T14:48:26.688Z,36221ac0859578dd82d9b3094433b50875dc5b06,H9TYWa1Q2VFnwaR4TlPZy,dOefZBIOnEl7EbTETViNa,flights/results/pair,846,3319,ok,,0,seeded
pair_to_segmented,1,2026-09-19T14:48:26.688Z,36221ac0859578dd82d9b3094433b50875dc5b06,H9TYWa1Q2VFnwaR4TlPZy,dOefZBIOnEl7EbTETViNa,view_switch,277,,ok,,0,
segmented_to_pair,1,2026-09-19T14:48:26.688Z,36221ac0859578dd82d9b3094433b50875dc5b06,H9TYWa1Q2VFnwaR4TlPZy,dOefZBIOnEl7EbTETViNa,view_switch,183,,ok,,0,
pair_to_segmented,2,2026-09-19T14:48:26.688Z,36221ac0859578dd82d9b3094433b50875dc5b06,H9TYWa1Q2VFnwaR4TlPZy,dOefZBIOnEl7EbTETViNa,view_switch,450,,ok,,0,
segmented_to_pair,2,2026-09-19T14:48:26.688Z,36221ac0859578dd82d9b3094433b50875dc5b06,H9TYWa1Q2VFnwaR4TlPZy,dOefZBIOnEl7EbTETViNa,view_switch,390,,ok,,0,
pair_to_segmented,3,2026-09-19T14:48:26.688Z,36221ac0859578dd82d9b3094433b50875dc5b06,H9TYWa1Q2VFnwaR4TlPZy,dOefZBIOnEl7EbTETViNa,view_switch,430,,ok,,0,
segmented_to_pair,3,2026-09-19T14:48:26.688Z,36221ac0859578dd82d9b3094433b50875dc5b06,H9TYWa1Q2VFnwaR4TlPZy,dOefZBIOnEl7EbTETViNa,view_switch,153,,ok,,0,
pair_to_segmented,4,2026-09-19T14:48:26.688Z,36221ac0859578dd82d9b3094433b50875dc5b06,H9TYWa1Q2VFnwaR4TlPZy,dOefZBIOnEl7EbTETViNa,view_switch,355,,ok,,0,
segmented_to_pair,4,2026-09-19T14:48:26.688Z,36221ac0859578dd82d9b3094433b50875dc5b06,H9TYWa1Q2VFnwaR4TlPZy,dOefZBIOnEl7EbTETViNa,view_switch,315,,ok,,0,
pair_to_segmented,5,2026-09-19T14:48:26.688Z,36221ac0859578dd82d9b3094433b50875dc5b06,H9TYWa1Q2VFnwaR4TlPZy,dOefZBIOnEl7EbTETViNa,view_switch,1166,,ok,,0,
segmented_to_pair,5,2026-09-19T14:48:26.688Z,36221ac0859578dd82d9b3094433b50875dc5b06,H9TYWa1Q2VFnwaR4TlPZy,dOefZBIOnEl7EbTETViNa,view_switch,487,,ok,,0,
pair_to_segmented,6,2026-09-19T14:48:26.688Z,36221ac0859578dd82d9b3094433b50875dc5b06,H9TYWa1Q2VFnwaR4TlPZy,dOefZBIOnEl7EbTETViNa,view_switch,604,,ok,,0,
segmented_to_pair,6,2026-09-19T14:48:26.688Z,36221ac0859578dd82d9b3094433b50875dc5b06,H9TYWa1Q2VFnwaR4TlPZy,dOefZBIOnEl7EbTETViNa,view_switch,277,,ok,,0,
pair_to_segmented,7,2026-09-19T14:48:26.688Z,36221ac0859578dd82d9b3094433b50875dc5b06,H9TYWa1Q2VFnwaR4TlPZy,dOefZBIOnEl7EbTETViNa,view_switch,286,,ok,,0,
segmented_to_pair,7,2026-09-19T14:48:26.688Z,36221ac0859578dd82d9b3094433b50875dc5b06,H9TYWa1Q2VFnwaR4TlPZy,dOefZBIOnEl7EbTETViNa,view_switch,347,,ok,,0,
pair_to_segmented,8,2026-09-19T14:48:26.688Z,36221ac0859578dd82d9b3094433b50875dc5b06,H9TYWa1Q2VFnwaR4TlPZy,dOefZBIOnEl7EbTETViNa,view_switch,215,,ok,,0,
segmented_to_pair,8,2026-09-19T14:48:26.688Z,36221ac0859578dd82d9b3094433b50875dc5b06,H9TYWa1Q2VFnwaR4TlPZy,dOefZBIOnEl7EbTETViNa,view_switch,488,,ok,,0,
pair_to_segmented,9,2026-09-19T14:48:26.688Z,36221ac0859578dd82d9b3094433b50875dc5b06,H9TYWa1Q2VFnwaR4TlPZy,dOefZBIOnEl7EbTETViNa,view_switch,157,,ok,,0,
segmented_to_pair,9,2026-09-19T14:48:26.688Z,36221ac0859578dd82d9b3094433b50875dc5b06,H9TYWa1Q2VFnwaR4TlPZy,dOefZBIOnEl7EbTETViNa,view_switch,116,,ok,,0,
pair_to_segmented,10,2026-09-19T14:48:26.688Z,36221ac0859578dd82d9b3094433b50875dc5b06,H9TYWa1Q2VFnwaR4TlPZy,dOefZBIOnEl7EbTETViNa,view_switch,250,,ok,,0,
segmented_to_pair,10,2026-09-19T14:48:26.688Z,36221ac0859578dd82d9b3094433b50875dc5b06,H9TYWa1Q2VFnwaR4TlPZy,dOefZBIOnEl7EbTETViNa,view_switch,104,,ok,,0,
pair_to_segmented,11,2026-09-19T14:48:26.688Z,36221ac0859578dd82d9b3094433b50875dc5b06,H9TYWa1Q2VFnwaR4TlPZy,dOefZBIOnEl7EbTETViNa,view_switch,1057,,ok,,0,
segmented_to_pair,11,2026-09-19T14:48:26.688Z,36221ac0859578dd82d9b3094433b50875dc5b06,H9TYWa1Q2VFnwaR4TlPZy,dOefZBIOnEl7EbTETViNa,view_switch,468,,ok,,0,
pair_to_segmented,12,2026-09-19T14:48:26.688Z,36221ac0859578dd82d9b3094433b50875dc5b06,H9TYWa1Q2VFnwaR4TlPZy,dOefZBIOnEl7EbTETViNa,view_switch,614,,ok,,0,
segmented_to_pair,12,2026-09-19T14:48:26.688Z,36221ac0859578dd82d9b3094433b50875dc5b06,H9TYWa1Q2VFnwaR4TlPZy,dOefZBIOnEl7EbTETViNa,view_switch,203,,ok,,0,
pair_to_segmented,13,2026-09-19T14:48:26.688Z,36221ac0859578dd82d9b3094433b50875dc5b06,H9TYWa1Q2VFnwaR4TlPZy,dOefZBIOnEl7EbTETViNa,view_switch,196,,ok,,0,
segmented_to_pair,13,2026-09-19T14:48:26.688Z,36221ac0859578dd82d9b3094433b50875dc5b06,H9TYWa1Q2VFnwaR4TlPZy,dOefZBIOnEl7EbTETViNa,view_switch,198,,ok,,0,
pair_to_segmented,14,2026-09-19T14:48:26.688Z,36221ac0859578dd82d9b3094433b50875dc5b06,H9TYWa1Q2VFnwaR4TlPZy,dOefZBIOnEl7EbTETViNa,view_switch,561,,ok,,0,
segmented_to_pair,14,2026-09-19T14:48:26.688Z,36221ac0859578dd82d9b3094433b50875dc5b06,H9TYWa1Q2VFnwaR4TlPZy,dOefZBIOnEl7EbTETViNa,view_switch,307,,ok,,0,
pair_to_segmented,15,2026-09-19T14:48:26.688Z,36221ac0859578dd82d9b3094433b50875dc5b06,H9TYWa1Q2VFnwaR4TlPZy,dOefZBIOnEl7EbTETViNa,view_switch,166,,ok,,0,
segmented_to_pair,15,2026-09-19T14:48:26.688Z,36221ac0859578dd82d9b3094433b50875dc5b06,H9TYWa1Q2VFnwaR4TlPZy,dOefZBIOnEl7EbTETViNa,view_switch,134,,ok,,0,
pair_to_segmented,16,2026-09-19T14:48:26.688Z,36221ac0859578dd82d9b3094433b50875dc5b06,H9TYWa1Q2VFnwaR4TlPZy,dOefZBIOnEl7EbTETViNa,view_switch,737,,ok,,0,
segmented_to_pair,16,2026-09-19T14:48:26.688Z,36221ac0859578dd82d9b3094433b50875dc5b06,H9TYWa1Q2VFnwaR4TlPZy,dOefZBIOnEl7EbTETViNa,view_switch,152,,ok,,0,
pair_to_segmented,17,2026-09-19T14:48:26.688Z,36221ac0859578dd82d9b3094433b50875dc5b06,H9TYWa1Q2VFnwaR4TlPZy,dOefZBIOnEl7EbTETViNa,view_switch,169,,ok,,0,
segmented_to_pair,17,2026-09-19T14:48:26.688Z,36221ac0859578dd82d9b3094433b50875dc5b06,H9TYWa1Q2VFnwaR4TlPZy,dOefZBIOnEl7EbTETViNa,view_switch,158,,ok,,0,
pair_to_segmented,18,2026-09-19T14:48:26.688Z,36221ac0859578dd82d9b3094433b50875dc5b06,H9TYWa1Q2VFnwaR4TlPZy,dOefZBIOnEl7EbTETViNa,view_switch,238,,ok,,0,
segmented_to_pair,18,2026-09-19T14:48:26.688Z,36221ac0859578dd82d9b3094433b50875dc5b06,H9TYWa1Q2VFnwaR4TlPZy,dOefZBIOnEl7EbTETViNa,view_switch,172,,ok,,0,
pair_to_segmented,19,2026-09-19T14:48:26.688Z,36221ac0859578dd82d9b3094433b50875dc5b06,H9TYWa1Q2VFnwaR4TlPZy,dOefZBIOnEl7EbTETViNa,view_switch,705,,ok,,0,
segmented_to_pair,19,2026-09-19T14:48:26.688Z,36221ac0859578dd82d9b3094433b50875dc5b06,H9TYWa1Q2VFnwaR4TlPZy,dOefZBIOnEl7EbTETViNa,view_switch,119,,ok,,0,
pair_to_segmented,20,2026-09-19T14:48:26.688Z,36221ac0859578dd82d9b3094433b50875dc5b06,H9TYWa1Q2VFnwaR4TlPZy,dOefZBIOnEl7EbTETViNa,view_switch,156,,ok,,0,
segmented_to_pair,20,2026-09-19T14:48:26.688Z,36221ac0859578dd82d9b3094433b50875dc5b06,H9TYWa1Q2VFnwaR4TlPZy,dOefZBIOnEl7EbTETViNa,view_switch,215,,ok,,0,
traveler_app,1,2026-09-19T14:48:26.688Z,36221ac0859578dd82d9b3094433b50875dc5b06,H9TYWa1Q2VFnwaR4TlPZy,dOefZBIOnEl7EbTETViNa,booking/passengers,1925,2876,ok,,0,
traveler_app,2,2026-09-19T14:48:26.688Z,36221ac0859578dd82d9b3094433b50875dc5b06,H9TYWa1Q2VFnwaR4TlPZy,dOefZBIOnEl7EbTETViNa,booking/passengers,2817,2803,ok,,0,
traveler_app,3,2026-09-19T14:48:26.688Z,36221ac0859578dd82d9b3094433b50875dc5b06,H9TYWa1Q2VFnwaR4TlPZy,dOefZBIOnEl7EbTETViNa,booking/passengers,1931,1853,ok,,0,
traveler_app,4,2026-09-19T14:48:26.688Z,36221ac0859578dd82d9b3094433b50875dc5b06,H9TYWa1Q2VFnwaR4TlPZy,dOefZBIOnEl7EbTETViNa,booking/passengers,1653,1464,ok,,0,
traveler_app,5,2026-09-19T14:48:26.688Z,36221ac0859578dd82d9b3094433b50875dc5b06,H9TYWa1Q2VFnwaR4TlPZy,dOefZBIOnEl7EbTETViNa,booking/passengers,2523,1916,ok,,0,
traveler_app,6,2026-09-19T14:48:26.688Z,36221ac0859578dd82d9b3094433b50875dc5b06,H9TYWa1Q2VFnwaR4TlPZy,dOefZBIOnEl7EbTETViNa,booking/passengers,2735,1597,ok,,0,
traveler_app,7,2026-09-19T14:48:26.688Z,36221ac0859578dd82d9b3094433b50875dc5b06,H9TYWa1Q2VFnwaR4TlPZy,dOefZBIOnEl7EbTETViNa,booking/passengers,1804,2197,ok,,0,
traveler_app,8,2026-09-19T14:48:26.688Z,36221ac0859578dd82d9b3094433b50875dc5b06,H9TYWa1Q2VFnwaR4TlPZy,dOefZBIOnEl7EbTETViNa,booking/passengers,1819,2446,ok,,0,
traveler_app,9,2026-09-19T14:48:26.688Z,36221ac0859578dd82d9b3094433b50875dc5b06,H9TYWa1Q2VFnwaR4TlPZy,dOefZBIOnEl7EbTETViNa,booking/passengers,1823,1450,ok,,0,
traveler_app,10,2026-09-19T14:48:26.688Z,36221ac0859578dd82d9b3094433b50875dc5b06,H9TYWa1Q2VFnwaR4TlPZy,dOefZBIOnEl7EbTETViNa,booking/passengers,1689,1529,ok,,0,
traveler_app,11,2026-09-19T14:48:26.688Z,36221ac0859578dd82d9b3094433b50875dc5b06,H9TYWa1Q2VFnwaR4TlPZy,dOefZBIOnEl7EbTETViNa,booking/passengers,2929,1468,ok,,0,
traveler_app,12,2026-09-19T14:48:26.688Z,36221ac0859578dd82d9b3094433b50875dc5b06,H9TYWa1Q2VFnwaR4TlPZy,dOefZBIOnEl7EbTETViNa,booking/passengers,1277,1952,ok,,0,
traveler_app,13,2026-09-19T14:48:26.688Z,36221ac0859578dd82d9b3094433b50875dc5b06,H9TYWa1Q2VFnwaR4TlPZy,dOefZBIOnEl7EbTETViNa,booking/passengers,1431,1445,ok,,0,
traveler_app,14,2026-09-19T14:48:26.688Z,36221ac0859578dd82d9b3094433b50875dc5b06,H9TYWa1Q2VFnwaR4TlPZy,dOefZBIOnEl7EbTETViNa,booking/passengers,2540,2009,ok,,0,
traveler_app,15,2026-09-19T14:48:26.688Z,36221ac0859578dd82d9b3094433b50875dc5b06,H9TYWa1Q2VFnwaR4TlPZy,dOefZBIOnEl7EbTETViNa,booking/passengers,2000,1669,ok,,0,
traveler_app,16,2026-09-19T14:48:26.688Z,36221ac0859578dd82d9b3094433b50875dc5b06,H9TYWa1Q2VFnwaR4TlPZy,dOefZBIOnEl7EbTETViNa,booking/passengers,1754,1625,ok,,0,
traveler_app,17,2026-09-19T14:48:26.688Z,36221ac0859578dd82d9b3094433b50875dc5b06,H9TYWa1Q2VFnwaR4TlPZy,dOefZBIOnEl7EbTETViNa,booking/passengers,2455,2391,ok,,0,
traveler_app,18,2026-09-19T14:48:26.688Z,36221ac0859578dd82d9b3094433b50875dc5b06,H9TYWa1Q2VFnwaR4TlPZy,dOefZBIOnEl7EbTETViNa,booking/passengers,1681,1766,ok,,0,
traveler_app,19,2026-09-19T14:48:26.688Z,36221ac0859578dd82d9b3094433b50875dc5b06,H9TYWa1Q2VFnwaR4TlPZy,dOefZBIOnEl7EbTETViNa,booking/passengers,1349,1971,ok,,0,
traveler_app,20,2026-09-19T14:48:26.688Z,36221ac0859578dd82d9b3094433b50875dc5b06,H9TYWa1Q2VFnwaR4TlPZy,dOefZBIOnEl7EbTETViNa,booking/passengers,2218,2421,ok,,0,
traveler_app,21,2026-09-19T14:48:26.688Z,36221ac0859578dd82d9b3094433b50875dc5b06,H9TYWa1Q2VFnwaR4TlPZy,dOefZBIOnEl7EbTETViNa,booking/passengers,1629,1270,ok,,0,
traveler_app,22,2026-09-19T14:48:26.688Z,36221ac0859578dd82d9b3094433b50875dc5b06,H9TYWa1Q2VFnwaR4TlPZy,dOefZBIOnEl7EbTETViNa,booking/passengers,1352,1498,ok,,0,
traveler_app,23,2026-09-19T14:48:26.688Z,36221ac0859578dd82d9b3094433b50875dc5b06,H9TYWa1Q2VFnwaR4TlPZy,dOefZBIOnEl7EbTETViNa,booking/passengers,1271,2342,ok,,0,
traveler_app,24,2026-09-19T14:48:26.688Z,36221ac0859578dd82d9b3094433b50875dc5b06,H9TYWa1Q2VFnwaR4TlPZy,dOefZBIOnEl7EbTETViNa,booking/passengers,1854,1675,ok,,0,
traveler_app,25,2026-09-19T14:48:26.688Z,36221ac0859578dd82d9b3094433b50875dc5b06,H9TYWa1Q2VFnwaR4TlPZy,dOefZBIOnEl7EbTETViNa,booking/passengers,1494,2064,ok,,0,
traveler_app,26,2026-09-19T14:48:26.688Z,36221ac0859578dd82d9b3094433b50875dc5b06,H9TYWa1Q2VFnwaR4TlPZy,dOefZBIOnEl7EbTETViNa,booking/passengers,1712,1584,ok,,0,
traveler_app,27,2026-09-19T14:48:26.688Z,36221ac0859578dd82d9b3094433b50875dc5b06,H9TYWa1Q2VFnwaR4TlPZy,dOefZBIOnEl7EbTETViNa,booking/passengers,2016,4338,ok,,0,
traveler_app,28,2026-09-19T14:48:26.688Z,36221ac0859578dd82d9b3094433b50875dc5b06,H9TYWa1Q2VFnwaR4TlPZy,dOefZBIOnEl7EbTETViNa,booking/passengers,1428,1072,ok,,0,
traveler_app,29,2026-09-19T14:48:26.688Z,36221ac0859578dd82d9b3094433b50875dc5b06,H9TYWa1Q2VFnwaR4TlPZy,dOefZBIOnEl7EbTETViNa,booking/passengers,1318,1600,ok,,0,
traveler_app,30,2026-09-19T14:48:26.688Z,36221ac0859578dd82d9b3094433b50875dc5b06,H9TYWa1Q2VFnwaR4TlPZy,dOefZBIOnEl7EbTETViNa,booking/passengers,1811,1540,ok,,0,
soft_nav,1,2026-09-19T14:48:26.688Z,36221ac0859578dd82d9b3094433b50875dc5b06,H9TYWa1Q2VFnwaR4TlPZy,,home_support,3632,,ok,,0,
soft_nav,2,2026-09-19T14:48:26.688Z,36221ac0859578dd82d9b3094433b50875dc5b06,H9TYWa1Q2VFnwaR4TlPZy,,home_support,5575,,ok,retry_attempt_2,0,
soft_nav,3,2026-09-19T14:48:26.688Z,36221ac0859578dd82d9b3094433b50875dc5b06,H9TYWa1Q2VFnwaR4TlPZy,,home_support,4715,,ok,,0,
soft_nav,4,2026-09-19T14:48:26.688Z,36221ac0859578dd82d9b3094433b50875dc5b06,H9TYWa1Q2VFnwaR4TlPZy,,home_support,1237,,ok,,0,
soft_nav,5,2026-09-19T14:48:26.688Z,36221ac0859578dd82d9b3094433b50875dc5b06,H9TYWa1Q2VFnwaR4TlPZy,,home_support,1935,,ok,,0,
soft_nav,6,2026-09-19T14:48:26.688Z,36221ac0859578dd82d9b3094433b50875dc5b06,H9TYWa1Q2VFnwaR4TlPZy,,home_support,1085,,ok,,0,
soft_nav,7,2026-09-19T14:48:26.688Z,36221ac0859578dd82d9b3094433b50875dc5b06,H9TYWa1Q2VFnwaR4TlPZy,,home_support,727,,ok,,0,
soft_nav,8,2026-09-19T14:48:26.688Z,36221ac0859578dd82d9b3094433b50875dc5b06,H9TYWa1Q2VFnwaR4TlPZy,,home_support,723,,ok,,0,
soft_nav,9,2026-09-19T14:48:26.688Z,36221ac0859578dd82d9b3094433b50875dc5b06,H9TYWa1Q2VFnwaR4TlPZy,,home_support,1295,,ok,,0,
soft_nav,10,2026-09-19T14:48:26.688Z,36221ac0859578dd82d9b3094433b50875dc5b06,H9TYWa1Q2VFnwaR4TlPZy,,home_support,658,,ok,,0,
soft_nav,11,2026-09-19T14:48:26.688Z,36221ac0859578dd82d9b3094433b50875dc5b06,H9TYWa1Q2VFnwaR4TlPZy,,home_support,1113,,ok,,0,
soft_nav,12,2026-09-19T14:48:26.688Z,36221ac0859578dd82d9b3094433b50875dc5b06,H9TYWa1Q2VFnwaR4TlPZy,,home_support,1182,,ok,,0,
soft_nav,13,2026-09-19T14:48:26.688Z,36221ac0859578dd82d9b3094433b50875dc5b06,H9TYWa1Q2VFnwaR4TlPZy,,home_support,1453,,ok,,0,
soft_nav,14,2026-09-19T14:48:26.688Z,36221ac0859578dd82d9b3094433b50875dc5b06,H9TYWa1Q2VFnwaR4TlPZy,,home_support,1168,,ok,,0,
soft_nav,15,2026-09-19T14:48:26.688Z,36221ac0859578dd82d9b3094433b50875dc5b06,H9TYWa1Q2VFnwaR4TlPZy,,home_support,3449,,ok,,0,
soft_nav,16,2026-09-19T14:48:26.688Z,36221ac0859578dd82d9b3094433b50875dc5b06,H9TYWa1Q2VFnwaR4TlPZy,,home_support,1021,,ok,,0,
soft_nav,17,2026-09-19T14:48:26.688Z,36221ac0859578dd82d9b3094433b50875dc5b06,H9TYWa1Q2VFnwaR4TlPZy,,home_support,913,,ok,,0,
soft_nav,18,2026-09-19T14:48:26.688Z,36221ac0859578dd82d9b3094433b50875dc5b06,H9TYWa1Q2VFnwaR4TlPZy,,home_support,2426,,ok,,0,
soft_nav,19,2026-09-19T14:48:26.688Z,36221ac0859578dd82d9b3094433b50875dc5b06,H9TYWa1Q2VFnwaR4TlPZy,,home_support,764,,ok,,0,
soft_nav,20,2026-09-19T14:48:26.688Z,36221ac0859578dd82d9b3094433b50875dc5b06,H9TYWa1Q2VFnwaR4TlPZy,,home_support,1035,,ok,,0,
soft_nav,1,2026-09-19T14:48:26.688Z,36221ac0859578dd82d9b3094433b50875dc5b06,H9TYWa1Q2VFnwaR4TlPZy,,support_home,573,,ok,retry_attempt_2,0,
soft_nav,2,2026-09-19T14:48:26.688Z,36221ac0859578dd82d9b3094433b50875dc5b06,H9TYWa1Q2VFnwaR4TlPZy,,support_home,1307,,ok,,0,
soft_nav,3,2026-09-19T14:48:26.688Z,36221ac0859578dd82d9b3094433b50875dc5b06,H9TYWa1Q2VFnwaR4TlPZy,,support_home,6870,,ok,,0,
soft_nav,4,2026-09-19T14:48:26.688Z,36221ac0859578dd82d9b3094433b50875dc5b06,H9TYWa1Q2VFnwaR4TlPZy,,support_home,626,,ok,,0,
soft_nav,5,2026-09-19T14:48:26.688Z,36221ac0859578dd82d9b3094433b50875dc5b06,H9TYWa1Q2VFnwaR4TlPZy,,support_home,567,,ok,,0,
soft_nav,6,2026-09-19T14:48:26.688Z,36221ac0859578dd82d9b3094433b50875dc5b06,H9TYWa1Q2VFnwaR4TlPZy,,support_home,2228,,ok,,0,
soft_nav,7,2026-09-19T14:48:26.688Z,36221ac0859578dd82d9b3094433b50875dc5b06,H9TYWa1Q2VFnwaR4TlPZy,,support_home,1777,,ok,,0,
soft_nav,8,2026-09-19T14:48:26.688Z,36221ac0859578dd82d9b3094433b50875dc5b06,H9TYWa1Q2VFnwaR4TlPZy,,support_home,479,,ok,,0,
soft_nav,9,2026-09-19T14:48:26.688Z,36221ac0859578dd82d9b3094433b50875dc5b06,H9TYWa1Q2VFnwaR4TlPZy,,support_home,340,,ok,,0,
soft_nav,10,2026-09-19T14:48:26.688Z,36221ac0859578dd82d9b3094433b50875dc5b06,H9TYWa1Q2VFnwaR4TlPZy,,support_home,535,,ok,,0,
soft_nav,11,2026-09-19T14:48:26.688Z,36221ac0859578dd82d9b3094433b50875dc5b06,H9TYWa1Q2VFnwaR4TlPZy,,support_home,865,,ok,,0,
soft_nav,12,2026-09-19T14:48:26.688Z,36221ac0859578dd82d9b3094433b50875dc5b06,H9TYWa1Q2VFnwaR4TlPZy,,support_home,693,,ok,,0,
soft_nav,13,2026-09-19T14:48:26.688Z,36221ac0859578dd82d9b3094433b50875dc5b06,H9TYWa1Q2VFnwaR4TlPZy,,support_home,852,,ok,,0,
soft_nav,14,2026-09-19T14:48:26.688Z,36221ac0859578dd82d9b3094433b50875dc5b06,H9TYWa1Q2VFnwaR4TlPZy,,support_home,938,,ok,,0,
soft_nav,15,2026-09-19T14:48:26.688Z,36221ac0859578dd82d9b3094433b50875dc5b06,H9TYWa1Q2VFnwaR4TlPZy,,support_home,796,,ok,,0,
soft_nav,16,2026-09-19T14:48:26.688Z,36221ac0859578dd82d9b3094433b50875dc5b06,H9TYWa1Q2VFnwaR4TlPZy,,support_home,664,,ok,,0,
soft_nav,17,2026-09-19T14:48:26.688Z,36221ac0859578dd82d9b3094433b50875dc5b06,H9TYWa1Q2VFnwaR4TlPZy,,support_home,726,,ok,,0,
soft_nav,18,2026-09-19T14:48:26.688Z,36221ac0859578dd82d9b3094433b50875dc5b06,H9TYWa1Q2VFnwaR4TlPZy,,support_home,449,,ok,,0,
soft_nav,19,2026-09-19T14:48:26.688Z,36221ac0859578dd82d9b3094433b50875dc5b06,H9TYWa1Q2VFnwaR4TlPZy,,support_home,594,,ok,,0,
soft_nav,20,2026-09-19T14:48:26.688Z,36221ac0859578dd82d9b3094433b50875dc5b06,H9TYWa1Q2VFnwaR4TlPZy,,support_home,566,,ok,,0,
soft_nav,1,2026-09-19T14:48:26.688Z,36221ac0859578dd82d9b3094433b50875dc5b06,H9TYWa1Q2VFnwaR4TlPZy,,home_privacy,8185,,ok,,0,
soft_nav,2,2026-09-19T14:48:26.688Z,36221ac0859578dd82d9b3094433b50875dc5b06,H9TYWa1Q2VFnwaR4TlPZy,,home_privacy,8183,,ok,retry_attempt_2,0,
soft_nav,3,2026-09-19T14:48:26.688Z,36221ac0859578dd82d9b3094433b50875dc5b06,H9TYWa1Q2VFnwaR4TlPZy,,home_privacy,2734,,ok,,0,
soft_nav,4,2026-09-19T14:48:26.688Z,36221ac0859578dd82d9b3094433b50875dc5b06,H9TYWa1Q2VFnwaR4TlPZy,,home_privacy,3023,,ok,,0,
soft_nav,5,2026-09-19T14:48:26.688Z,36221ac0859578dd82d9b3094433b50875dc5b06,H9TYWa1Q2VFnwaR4TlPZy,,home_privacy,1459,,ok,,0,
soft_nav,6,2026-09-19T14:48:26.688Z,36221ac0859578dd82d9b3094433b50875dc5b06,H9TYWa1Q2VFnwaR4TlPZy,,home_privacy,2335,,ok,,0,
soft_nav,7,2026-09-19T14:48:26.688Z,36221ac0859578dd82d9b3094433b50875dc5b06,H9TYWa1Q2VFnwaR4TlPZy,,home_privacy,3403,,ok,retry_attempt_2,0,
soft_nav,8,2026-09-19T14:48:26.688Z,36221ac0859578dd82d9b3094433b50875dc5b06,H9TYWa1Q2VFnwaR4TlPZy,,home_privacy,2144,,ok,,0,
soft_nav,9,2026-09-19T14:48:26.688Z,36221ac0859578dd82d9b3094433b50875dc5b06,H9TYWa1Q2VFnwaR4TlPZy,,home_privacy,2719,,ok,,0,
soft_nav,10,2026-09-19T14:48:26.688Z,36221ac0859578dd82d9b3094433b50875dc5b06,H9TYWa1Q2VFnwaR4TlPZy,,home_privacy,2409,,ok,,0,
soft_nav,11,2026-09-19T14:48:26.688Z,36221ac0859578dd82d9b3094433b50875dc5b06,H9TYWa1Q2VFnwaR4TlPZy,,home_privacy,2511,,ok,,0,
soft_nav,12,2026-09-19T14:48:26.688Z,36221ac0859578dd82d9b3094433b50875dc5b06,H9TYWa1Q2VFnwaR4TlPZy,,home_privacy,3265,,ok,,0,
soft_nav,13,2026-09-19T14:48:26.688Z,36221ac0859578dd82d9b3094433b50875dc5b06,H9TYWa1Q2VFnwaR4TlPZy,,home_privacy,6504,,ok,,0,
soft_nav,14,2026-09-19T14:48:26.688Z,36221ac0859578dd82d9b3094433b50875dc5b06,H9TYWa1Q2VFnwaR4TlPZy,,home_privacy,1236,,ok,,0,
soft_nav,15,2026-09-19T14:48:26.688Z,36221ac0859578dd82d9b3094433b50875dc5b06,H9TYWa1Q2VFnwaR4TlPZy,,home_privacy,2346,,ok,,0,
soft_nav,16,2026-09-19T14:48:26.688Z,36221ac0859578dd82d9b3094433b50875dc5b06,H9TYWa1Q2VFnwaR4TlPZy,,home_privacy,1935,,ok,,0,
soft_nav,17,2026-09-19T14:48:26.688Z,36221ac0859578dd82d9b3094433b50875dc5b06,H9TYWa1Q2VFnwaR4TlPZy,,home_privacy,1302,,ok,,0,
soft_nav,18,2026-09-19T14:48:26.688Z,36221ac0859578dd82d9b3094433b50875dc5b06,H9TYWa1Q2VFnwaR4TlPZy,,home_privacy,1688,,ok,,0,
soft_nav,19,2026-09-19T14:48:26.688Z,36221ac0859578dd82d9b3094433b50875dc5b06,H9TYWa1Q2VFnwaR4TlPZy,,home_privacy,1998,,ok,,0,
soft_nav,20,2026-09-19T14:48:26.688Z,36221ac0859578dd82d9b3094433b50875dc5b06,H9TYWa1Q2VFnwaR4TlPZy,,home_privacy,1905,,ok,,0,
soft_nav,1,2026-09-19T14:48:26.688Z,36221ac0859578dd82d9b3094433b50875dc5b06,H9TYWa1Q2VFnwaR4TlPZy,,privacy_terms,1178,,ok,,0,
soft_nav,2,2026-09-19T14:48:26.688Z,36221ac0859578dd82d9b3094433b50875dc5b06,H9TYWa1Q2VFnwaR4TlPZy,,privacy_terms,2527,,ok,,0,
soft_nav,3,2026-09-19T14:48:26.688Z,36221ac0859578dd82d9b3094433b50875dc5b06,H9TYWa1Q2VFnwaR4TlPZy,,privacy_terms,1117,,ok,,0,
soft_nav,4,2026-09-19T14:48:26.688Z,36221ac0859578dd82d9b3094433b50875dc5b06,H9TYWa1Q2VFnwaR4TlPZy,,privacy_terms,567,,ok,,0,
soft_nav,5,2026-09-19T14:48:26.688Z,36221ac0859578dd82d9b3094433b50875dc5b06,H9TYWa1Q2VFnwaR4TlPZy,,privacy_terms,902,,ok,,0,
soft_nav,6,2026-09-19T14:48:26.688Z,36221ac0859578dd82d9b3094433b50875dc5b06,H9TYWa1Q2VFnwaR4TlPZy,,privacy_terms,1106,,ok,,0,
soft_nav,7,2026-09-19T14:48:26.688Z,36221ac0859578dd82d9b3094433b50875dc5b06,H9TYWa1Q2VFnwaR4TlPZy,,privacy_terms,1983,,ok,,0,
soft_nav,8,2026-09-19T14:48:26.688Z,36221ac0859578dd82d9b3094433b50875dc5b06,H9TYWa1Q2VFnwaR4TlPZy,,privacy_terms,785,,ok,,0,
soft_nav,9,2026-09-19T14:48:26.688Z,36221ac0859578dd82d9b3094433b50875dc5b06,H9TYWa1Q2VFnwaR4TlPZy,,privacy_terms,1649,,ok,,0,
soft_nav,10,2026-09-19T14:48:26.688Z,36221ac0859578dd82d9b3094433b50875dc5b06,H9TYWa1Q2VFnwaR4TlPZy,,privacy_terms,1197,,ok,,0,
soft_nav,11,2026-09-19T14:48:26.688Z,36221ac0859578dd82d9b3094433b50875dc5b06,H9TYWa1Q2VFnwaR4TlPZy,,privacy_terms,781,,ok,,0,
soft_nav,12,2026-09-19T14:48:26.688Z,36221ac0859578dd82d9b3094433b50875dc5b06,H9TYWa1Q2VFnwaR4TlPZy,,privacy_terms,522,,ok,,0,
soft_nav,13,2026-09-19T14:48:26.688Z,36221ac0859578dd82d9b3094433b50875dc5b06,H9TYWa1Q2VFnwaR4TlPZy,,privacy_terms,567,,ok,,0,
soft_nav,14,2026-09-19T14:48:26.688Z,36221ac0859578dd82d9b3094433b50875dc5b06,H9TYWa1Q2VFnwaR4TlPZy,,privacy_terms,784,,ok,,0,
soft_nav,15,2026-09-19T14:48:26.688Z,36221ac0859578dd82d9b3094433b50875dc5b06,H9TYWa1Q2VFnwaR4TlPZy,,privacy_terms,836,,ok,,0,
soft_nav,16,2026-09-19T14:48:26.688Z,36221ac0859578dd82d9b3094433b50875dc5b06,H9TYWa1Q2VFnwaR4TlPZy,,privacy_terms,488,,ok,,0,
soft_nav,17,2026-09-19T14:48:26.688Z,36221ac0859578dd82d9b3094433b50875dc5b06,H9TYWa1Q2VFnwaR4TlPZy,,privacy_terms,368,,ok,,0,
soft_nav,18,2026-09-19T14:48:26.688Z,36221ac0859578dd82d9b3094433b50875dc5b06,H9TYWa1Q2VFnwaR4TlPZy,,privacy_terms,797,,ok,,0,
soft_nav,19,2026-09-19T14:48:26.688Z,36221ac0859578dd82d9b3094433b50875dc5b06,H9TYWa1Q2VFnwaR4TlPZy,,privacy_terms,576,,ok,,0,
soft_nav,20,2026-09-19T14:48:26.688Z,36221ac0859578dd82d9b3094433b50875dc5b06,H9TYWa1Q2VFnwaR4TlPZy,,privacy_terms,1108,,ok,,0,
soft_nav,1,2026-09-19T14:48:26.688Z,36221ac0859578dd82d9b3094433b50875dc5b06,H9TYWa1Q2VFnwaR4TlPZy,,home_groups,1373,,ok,retry_attempt_2,0,
soft_nav,2,2026-09-19T14:48:26.688Z,36221ac0859578dd82d9b3094433b50875dc5b06,H9TYWa1Q2VFnwaR4TlPZy,,home_groups,1105,,ok,,0,
soft_nav,3,2026-09-19T14:48:26.688Z,36221ac0859578dd82d9b3094433b50875dc5b06,H9TYWa1Q2VFnwaR4TlPZy,,home_groups,826,,ok,,0,
soft_nav,4,2026-09-19T14:48:26.688Z,36221ac0859578dd82d9b3094433b50875dc5b06,H9TYWa1Q2VFnwaR4TlPZy,,home_groups,1231,,ok,,0,
soft_nav,5,2026-09-19T14:48:26.688Z,36221ac0859578dd82d9b3094433b50875dc5b06,H9TYWa1Q2VFnwaR4TlPZy,,home_groups,803,,ok,,0,
soft_nav,6,2026-09-19T14:48:26.688Z,36221ac0859578dd82d9b3094433b50875dc5b06,H9TYWa1Q2VFnwaR4TlPZy,,home_groups,747,,ok,,0,
soft_nav,7,2026-09-19T14:48:26.688Z,36221ac0859578dd82d9b3094433b50875dc5b06,H9TYWa1Q2VFnwaR4TlPZy,,home_groups,865,,ok,,0,
soft_nav,8,2026-09-19T14:48:26.688Z,36221ac0859578dd82d9b3094433b50875dc5b06,H9TYWa1Q2VFnwaR4TlPZy,,home_groups,889,,ok,,0,
soft_nav,9,2026-09-19T14:48:26.688Z,36221ac0859578dd82d9b3094433b50875dc5b06,H9TYWa1Q2VFnwaR4TlPZy,,home_groups,1027,,ok,,0,
soft_nav,10,2026-09-19T14:48:26.688Z,36221ac0859578dd82d9b3094433b50875dc5b06,H9TYWa1Q2VFnwaR4TlPZy,,home_groups,743,,ok,,0,
soft_nav,11,2026-09-19T14:48:26.688Z,36221ac0859578dd82d9b3094433b50875dc5b06,H9TYWa1Q2VFnwaR4TlPZy,,home_groups,922,,ok,,0,
soft_nav,12,2026-09-19T14:48:26.688Z,36221ac0859578dd82d9b3094433b50875dc5b06,H9TYWa1Q2VFnwaR4TlPZy,,home_groups,1063,,ok,,0,
soft_nav,13,2026-09-19T14:48:26.688Z,36221ac0859578dd82d9b3094433b50875dc5b06,H9TYWa1Q2VFnwaR4TlPZy,,home_groups,850,,ok,,0,
soft_nav,14,2026-09-19T14:48:26.688Z,36221ac0859578dd82d9b3094433b50875dc5b06,H9TYWa1Q2VFnwaR4TlPZy,,home_groups,532,,ok,,0,
soft_nav,15,2026-09-19T14:48:26.688Z,36221ac0859578dd82d9b3094433b50875dc5b06,H9TYWa1Q2VFnwaR4TlPZy,,home_groups,1363,,ok,,0,
soft_nav,16,2026-09-19T14:48:26.688Z,36221ac0859578dd82d9b3094433b50875dc5b06,H9TYWa1Q2VFnwaR4TlPZy,,home_groups,1165,,ok,,0,
soft_nav,17,2026-09-19T14:48:26.688Z,36221ac0859578dd82d9b3094433b50875dc5b06,H9TYWa1Q2VFnwaR4TlPZy,,home_groups,627,,ok,,0,
soft_nav,18,2026-09-19T14:48:26.688Z,36221ac0859578dd82d9b3094433b50875dc5b06,H9TYWa1Q2VFnwaR4TlPZy,,home_groups,1447,,ok,,0,
soft_nav,19,2026-09-19T14:48:26.688Z,36221ac0859578dd82d9b3094433b50875dc5b06,H9TYWa1Q2VFnwaR4TlPZy,,home_groups,1069,,ok,,0,
soft_nav,20,2026-09-19T14:48:26.688Z,36221ac0859578dd82d9b3094433b50875dc5b06,H9TYWa1Q2VFnwaR4TlPZy,,home_groups,535,,ok,,0,
soft_nav,2,2026-09-19T14:48:26.688Z,36221ac0859578dd82d9b3094433b50875dc5b06,H9TYWa1Q2VFnwaR4TlPZy,,home_login,2998,,ok,,0,
soft_nav,3,2026-09-19T14:48:26.688Z,36221ac0859578dd82d9b3094433b50875dc5b06,H9TYWa1Q2VFnwaR4TlPZy,,home_login,2279,,ok,,0,
soft_nav,4,2026-09-19T14:48:26.688Z,36221ac0859578dd82d9b3094433b50875dc5b06,H9TYWa1Q2VFnwaR4TlPZy,,home_login,607,,ok,,0,
soft_nav,5,2026-09-19T14:48:26.688Z,36221ac0859578dd82d9b3094433b50875dc5b06,H9TYWa1Q2VFnwaR4TlPZy,,home_login,2286,,ok,,0,
soft_nav,6,2026-09-19T14:48:26.688Z,36221ac0859578dd82d9b3094433b50875dc5b06,H9TYWa1Q2VFnwaR4TlPZy,,home_login,1029,,ok,,0,
soft_nav,7,2026-09-19T14:48:26.688Z,36221ac0859578dd82d9b3094433b50875dc5b06,H9TYWa1Q2VFnwaR4TlPZy,,home_login,866,,ok,,0,
soft_nav,8,2026-09-19T14:48:26.688Z,36221ac0859578dd82d9b3094433b50875dc5b06,H9TYWa1Q2VFnwaR4TlPZy,,home_login,1735,,ok,,0,
soft_nav,9,2026-09-19T14:48:26.688Z,36221ac0859578dd82d9b3094433b50875dc5b06,H9TYWa1Q2VFnwaR4TlPZy,,home_login,1823,,ok,,0,
soft_nav,10,2026-09-19T14:48:26.688Z,36221ac0859578dd82d9b3094433b50875dc5b06,H9TYWa1Q2VFnwaR4TlPZy,,home_login,1157,,ok,,0,
soft_nav,11,2026-09-19T14:48:26.688Z,36221ac0859578dd82d9b3094433b50875dc5b06,H9TYWa1Q2VFnwaR4TlPZy,,home_login,992,,ok,,0,
soft_nav,12,2026-09-19T14:48:26.688Z,36221ac0859578dd82d9b3094433b50875dc5b06,H9TYWa1Q2VFnwaR4TlPZy,,home_login,651,,ok,,0,
soft_nav,13,2026-09-19T14:48:26.688Z,36221ac0859578dd82d9b3094433b50875dc5b06,H9TYWa1Q2VFnwaR4TlPZy,,home_login,1479,,ok,,0,
soft_nav,14,2026-09-19T14:48:26.688Z,36221ac0859578dd82d9b3094433b50875dc5b06,H9TYWa1Q2VFnwaR4TlPZy,,home_login,2140,,ok,,0,
soft_nav,15,2026-09-19T14:48:26.688Z,36221ac0859578dd82d9b3094433b50875dc5b06,H9TYWa1Q2VFnwaR4TlPZy,,home_login,771,,ok,,0,
soft_nav,16,2026-09-19T14:48:26.688Z,36221ac0859578dd82d9b3094433b50875dc5b06,H9TYWa1Q2VFnwaR4TlPZy,,home_login,1328,,ok,,0,
soft_nav,17,2026-09-19T14:48:26.688Z,36221ac0859578dd82d9b3094433b50875dc5b06,H9TYWa1Q2VFnwaR4TlPZy,,home_login,1713,,ok,,0,
soft_nav,18,2026-09-19T14:48:26.688Z,36221ac0859578dd82d9b3094433b50875dc5b06,H9TYWa1Q2VFnwaR4TlPZy,,home_login,1244,,ok,,0,
soft_nav,19,2026-09-19T14:48:26.688Z,36221ac0859578dd82d9b3094433b50875dc5b06,H9TYWa1Q2VFnwaR4TlPZy,,home_login,2398,,ok,,0,
soft_nav,20,2026-09-19T14:48:26.688Z,36221ac0859578dd82d9b3094433b50875dc5b06,H9TYWa1Q2VFnwaR4TlPZy,,home_login,3095,,ok,,0,
soft_nav,1,2026-09-19T14:48:26.688Z,36221ac0859578dd82d9b3094433b50875dc5b06,H9TYWa1Q2VFnwaR4TlPZy,,login_register,1358,,ok,,0,
soft_nav,2,2026-09-19T14:48:26.688Z,36221ac0859578dd82d9b3094433b50875dc5b06,H9TYWa1Q2VFnwaR4TlPZy,,login_register,513,,ok,,0,
soft_nav,3,2026-09-19T14:48:26.688Z,36221ac0859578dd82d9b3094433b50875dc5b06,H9TYWa1Q2VFnwaR4TlPZy,,login_register,157,,ok,,0,
soft_nav,4,2026-09-19T14:48:26.688Z,36221ac0859578dd82d9b3094433b50875dc5b06,H9TYWa1Q2VFnwaR4TlPZy,,login_register,368,,ok,,0,
soft_nav,5,2026-09-19T14:48:26.688Z,36221ac0859578dd82d9b3094433b50875dc5b06,H9TYWa1Q2VFnwaR4TlPZy,,login_register,490,,ok,,0,
soft_nav,6,2026-09-19T14:48:26.688Z,36221ac0859578dd82d9b3094433b50875dc5b06,H9TYWa1Q2VFnwaR4TlPZy,,login_register,527,,ok,,0,
soft_nav,7,2026-09-19T14:48:26.688Z,36221ac0859578dd82d9b3094433b50875dc5b06,H9TYWa1Q2VFnwaR4TlPZy,,login_register,552,,ok,,0,
soft_nav,8,2026-09-19T14:48:26.688Z,36221ac0859578dd82d9b3094433b50875dc5b06,H9TYWa1Q2VFnwaR4TlPZy,,login_register,625,,ok,,0,
soft_nav,9,2026-09-19T14:48:26.688Z,36221ac0859578dd82d9b3094433b50875dc5b06,H9TYWa1Q2VFnwaR4TlPZy,,login_register,408,,ok,,0,
soft_nav,10,2026-09-19T14:48:26.688Z,36221ac0859578dd82d9b3094433b50875dc5b06,H9TYWa1Q2VFnwaR4TlPZy,,login_register,640,,ok,,0,
soft_nav,11,2026-09-19T14:48:26.688Z,36221ac0859578dd82d9b3094433b50875dc5b06,H9TYWa1Q2VFnwaR4TlPZy,,login_register,332,,ok,,0,
soft_nav,12,2026-09-19T14:48:26.688Z,36221ac0859578dd82d9b3094433b50875dc5b06,H9TYWa1Q2VFnwaR4TlPZy,,login_register,515,,ok,,0,
soft_nav,13,2026-09-19T14:48:26.688Z,36221ac0859578dd82d9b3094433b50875dc5b06,H9TYWa1Q2VFnwaR4TlPZy,,login_register,276,,ok,,0,
soft_nav,14,2026-09-19T14:48:26.688Z,36221ac0859578dd82d9b3094433b50875dc5b06,H9TYWa1Q2VFnwaR4TlPZy,,login_register,330,,ok,,0,
soft_nav,15,2026-09-19T14:48:26.688Z,36221ac0859578dd82d9b3094433b50875dc5b06,H9TYWa1Q2VFnwaR4TlPZy,,login_register,601,,ok,,0,
soft_nav,16,2026-09-19T14:48:26.688Z,36221ac0859578dd82d9b3094433b50875dc5b06,H9TYWa1Q2VFnwaR4TlPZy,,login_register,719,,ok,,0,
soft_nav,17,2026-09-19T14:48:26.688Z,36221ac0859578dd82d9b3094433b50875dc5b06,H9TYWa1Q2VFnwaR4TlPZy,,login_register,298,,ok,,0,
soft_nav,18,2026-09-19T14:48:26.688Z,36221ac0859578dd82d9b3094433b50875dc5b06,H9TYWa1Q2VFnwaR4TlPZy,,login_register,516,,ok,,0,
soft_nav,19,2026-09-19T14:48:26.688Z,36221ac0859578dd82d9b3094433b50875dc5b06,H9TYWa1Q2VFnwaR4TlPZy,,login_register,2314,,ok,,0,
soft_nav,20,2026-09-19T14:48:26.688Z,36221ac0859578dd82d9b3094433b50875dc5b06,H9TYWa1Q2VFnwaR4TlPZy,,login_register,111,,ok,,0,
soft_nav,1,2026-09-19T14:48:26.688Z,36221ac0859578dd82d9b3094433b50875dc5b06,H9TYWa1Q2VFnwaR4TlPZy,,home_about,2601,,ok,retry_attempt_3,0,
soft_nav,2,2026-09-19T14:48:26.688Z,36221ac0859578dd82d9b3094433b50875dc5b06,H9TYWa1Q2VFnwaR4TlPZy,,home_about,1351,,ok,,0,
soft_nav,3,2026-09-19T14:48:26.688Z,36221ac0859578dd82d9b3094433b50875dc5b06,H9TYWa1Q2VFnwaR4TlPZy,,home_about,969,,ok,,0,
soft_nav,4,2026-09-19T14:48:26.688Z,36221ac0859578dd82d9b3094433b50875dc5b06,H9TYWa1Q2VFnwaR4TlPZy,,home_about,6214,,ok,,0,
soft_nav,5,2026-09-19T14:48:26.688Z,36221ac0859578dd82d9b3094433b50875dc5b06,H9TYWa1Q2VFnwaR4TlPZy,,home_about,793,,ok,,0,
soft_nav,6,2026-09-19T14:48:26.688Z,36221ac0859578dd82d9b3094433b50875dc5b06,H9TYWa1Q2VFnwaR4TlPZy,,home_about,1141,,ok,,0,
soft_nav,7,2026-09-19T14:48:26.688Z,36221ac0859578dd82d9b3094433b50875dc5b06,H9TYWa1Q2VFnwaR4TlPZy,,home_about,1161,,ok,,0,
soft_nav,8,2026-09-19T14:48:26.688Z,36221ac0859578dd82d9b3094433b50875dc5b06,H9TYWa1Q2VFnwaR4TlPZy,,home_about,1280,,ok,,0,
soft_nav,9,2026-09-19T14:48:26.688Z,36221ac0859578dd82d9b3094433b50875dc5b06,H9TYWa1Q2VFnwaR4TlPZy,,home_about,1878,,ok,,0,
soft_nav,10,2026-09-19T14:48:26.688Z,36221ac0859578dd82d9b3094433b50875dc5b06,H9TYWa1Q2VFnwaR4TlPZy,,home_about,970,,ok,,0,
soft_nav,11,2026-09-19T14:48:26.688Z,36221ac0859578dd82d9b3094433b50875dc5b06,H9TYWa1Q2VFnwaR4TlPZy,,home_about,1872,,ok,,0,
soft_nav,12,2026-09-19T14:48:26.688Z,36221ac0859578dd82d9b3094433b50875dc5b06,H9TYWa1Q2VFnwaR4TlPZy,,home_about,1907,,ok,,0,
soft_nav,13,2026-09-19T14:48:26.688Z,36221ac0859578dd82d9b3094433b50875dc5b06,H9TYWa1Q2VFnwaR4TlPZy,,home_about,1085,,ok,,0,
soft_nav,14,2026-09-19T14:48:26.688Z,36221ac0859578dd82d9b3094433b50875dc5b06,H9TYWa1Q2VFnwaR4TlPZy,,home_about,1524,,ok,,0,
soft_nav,15,2026-09-19T14:48:26.688Z,36221ac0859578dd82d9b3094433b50875dc5b06,H9TYWa1Q2VFnwaR4TlPZy,,home_about,822,,ok,,0,
soft_nav,16,2026-09-19T14:48:26.688Z,36221ac0859578dd82d9b3094433b50875dc5b06,H9TYWa1Q2VFnwaR4TlPZy,,home_about,523,,ok,,0,
soft_nav,17,2026-09-19T14:48:26.688Z,36221ac0859578dd82d9b3094433b50875dc5b06,H9TYWa1Q2VFnwaR4TlPZy,,home_about,1093,,ok,,0,
soft_nav,18,2026-09-19T14:48:26.688Z,36221ac0859578dd82d9b3094433b50875dc5b06,H9TYWa1Q2VFnwaR4TlPZy,,home_about,953,,ok,,0,
soft_nav,19,2026-09-19T14:48:26.688Z,36221ac0859578dd82d9b3094433b50875dc5b06,H9TYWa1Q2VFnwaR4TlPZy,,home_about,729,,ok,,0,
soft_nav,20,2026-09-19T14:48:26.688Z,36221ac0859578dd82d9b3094433b50875dc5b06,H9TYWa1Q2VFnwaR4TlPZy,,home_about,976,,ok,,0,
soft_nav,1,2026-09-19T14:48:26.688Z,36221ac0859578dd82d9b3094433b50875dc5b06,H9TYWa1Q2VFnwaR4TlPZy,,home_faq,7873,,ok,,0,
soft_nav,3,2026-09-19T14:48:26.688Z,36221ac0859578dd82d9b3094433b50875dc5b06,H9TYWa1Q2VFnwaR4TlPZy,,home_faq,2582,,ok,retry_attempt_3,0,
soft_nav,4,2026-09-19T14:48:26.688Z,36221ac0859578dd82d9b3094433b50875dc5b06,H9TYWa1Q2VFnwaR4TlPZy,,home_faq,1996,,ok,,0,
soft_nav,5,2026-09-19T14:48:26.688Z,36221ac0859578dd82d9b3094433b50875dc5b06,H9TYWa1Q2VFnwaR4TlPZy,,home_faq,3335,,ok,,0,
soft_nav,6,2026-09-19T14:48:26.688Z,36221ac0859578dd82d9b3094433b50875dc5b06,H9TYWa1Q2VFnwaR4TlPZy,,home_faq,3499,,ok,,0,
soft_nav,7,2026-09-19T14:48:26.688Z,36221ac0859578dd82d9b3094433b50875dc5b06,H9TYWa1Q2VFnwaR4TlPZy,,home_faq,2116,,ok,,0,
soft_nav,8,2026-09-19T14:48:26.688Z,36221ac0859578dd82d9b3094433b50875dc5b06,H9TYWa1Q2VFnwaR4TlPZy,,home_faq,1850,,ok,,0,
soft_nav,9,2026-09-19T14:48:26.688Z,36221ac0859578dd82d9b3094433b50875dc5b06,H9TYWa1Q2VFnwaR4TlPZy,,home_faq,1505,,ok,,0,
soft_nav,10,2026-09-19T14:48:26.688Z,36221ac0859578dd82d9b3094433b50875dc5b06,H9TYWa1Q2VFnwaR4TlPZy,,home_faq,2286,,ok,,0,
soft_nav,11,2026-09-19T14:48:26.688Z,36221ac0859578dd82d9b3094433b50875dc5b06,H9TYWa1Q2VFnwaR4TlPZy,,home_faq,2608,,ok,,0,
soft_nav,12,2026-09-19T14:48:26.688Z,36221ac0859578dd82d9b3094433b50875dc5b06,H9TYWa1Q2VFnwaR4TlPZy,,home_faq,2892,,ok,,0,
soft_nav,13,2026-09-19T14:48:26.688Z,36221ac0859578dd82d9b3094433b50875dc5b06,H9TYWa1Q2VFnwaR4TlPZy,,home_faq,1637,,ok,,0,
soft_nav,14,2026-09-19T14:48:26.688Z,36221ac0859578dd82d9b3094433b50875dc5b06,H9TYWa1Q2VFnwaR4TlPZy,,home_faq,1074,,ok,,0,
soft_nav,15,2026-09-19T14:48:26.688Z,36221ac0859578dd82d9b3094433b50875dc5b06,H9TYWa1Q2VFnwaR4TlPZy,,home_faq,1733,,ok,,0,
soft_nav,16,2026-09-19T14:48:26.688Z,36221ac0859578dd82d9b3094433b50875dc5b06,H9TYWa1Q2VFnwaR4TlPZy,,home_faq,1643,,ok,,0,
soft_nav,17,2026-09-19T14:48:26.688Z,36221ac0859578dd82d9b3094433b50875dc5b06,H9TYWa1Q2VFnwaR4TlPZy,,home_faq,1364,,ok,,0,
soft_nav,18,2026-09-19T14:48:26.688Z,36221ac0859578dd82d9b3094433b50875dc5b06,H9TYWa1Q2VFnwaR4TlPZy,,home_faq,1337,,ok,,0,
soft_nav,19,2026-09-19T14:48:26.688Z,36221ac0859578dd82d9b3094433b50875dc5b06,H9TYWa1Q2VFnwaR4TlPZy,,home_faq,1219,,ok,,0,
soft_nav,20,2026-09-19T14:48:26.688Z,36221ac0859578dd82d9b3094433b50875dc5b06,H9TYWa1Q2VFnwaR4TlPZy,,home_faq,1840,,ok,,0,